City,Rank,State,Growth From 2000 to 2013,Population,Coordinates
New York,1,New York,4.8,8405837,40.7127837
Los Angeles,2,California,4.8,3884307,34.0522342
Chicago,3,Illinois,-6.1,2718782,41.8781136
Houston,4,Texas,11,2195914,29.7604267
Philadelphia,5,Pennsylvania,2.6,1553165,39.9525839
Phoenix,6,Arizona,14,1513367,33.4483771
San Antonio,7,Texas,21,1409019,29.4241219
San Diego,8,California,10.5,1355896,32.715738
Dallas,9,Texas,5.6,1257676,32.7766642
San Jose,10,California,10.5,998537,37.3382082
Austin,11,Texas,31.7,885400,30.267153
Indianapolis,12,Indiana,7.8,843393,39.768403
Jacksonville,13,Florida,14.3,842583,30.3321838
San Francisco,14,California,7.7,837442,37.7749295
Columbus,15,Ohio,14.8,822553,39.9611755
Charlotte,16,North Carolina,39.1,792862,35.2270869
Fort Worth,17,Texas,45.1,792727,32.7554883
Detroit,18,Michigan,-27.1,688701,42.331427
El Paso,19,Texas,19.4,674433,31.7775757
Memphis,20,Tennessee,-5.3,653450,35.1495343
Seattle,21,Washington,15.6,652405,47.6062095
Denver,22,Colorado,16.7,649495,39.7392358
Washington,23,District of Columbia,13,646449,38.9071923
Boston,24,Massachusetts,9.4,645966,42.3600825
Nashville,25,Tennessee,16.2,634464,36.1626638
Baltimore,26,Maryland,-4,622104,39.2903848
Oklahoma City,27,Oklahoma,20.2,610613,35.4675602
Louisville,28,Kentucky,10,609893,38.2526647
Portland,29,Oregon,15,609456,45.5230622
Las Vegas,30,Nevada,24.5,603488,36.1699412
Milwaukee,31,Wisconsin,0.3,599164,43.0389025
Albuquerque,32,New Mexico,23.5,556495,35.0853336
Tucson,33,Arizona,7.5,526116,32.2217429
Fresno,34,California,18.3,509924,36.7468422
Sacramento,35,California,17.2,479686,38.5815719
Long Beach,36,California,1.5,469428,33.7700504
Kansas City,37,Missouri,5.5,467007,39.0997265
Mesa,38,Arizona,13.5,457587,33.4151843
Virginia Beach,39,Virginia,5.1,448479,36.8529263
Atlanta,40,Georgia,6.2,447841,33.7489954
Colorado Springs,41,Colorado,21.4,439886,38.8338816
Omaha,42,Nebraska,5.9,434353,41.2523634
Raleigh,43,North Carolina,48.7,431746,35.7795897
Miami,44,Florida,14.9,417650,25.7616798
Oakland,45,California,1.3,406253,37.8043637
Minneapolis,46,Minnesota,4.5,400070,44.977753
Tulsa,47,Oklahoma,1.3,398121,36.1539816
Cleveland,48,Ohio,-18.1,390113,41.49932
Wichita,49,Kansas,9.7,386552,37.688889
Arlington,50,Texas,13.3,379577,32.735687
New Orleans,51,Louisiana,-21.6,378715,29.9510658
Bakersfield,52,California,48.4,363630,35.3732921
Tampa,53,Florida,16,352957,27.950575
Honolulu,54,Hawaii,-6.2,347884,21.3069444
Aurora,55,Colorado,24.4,345803,39.7294319
Anaheim,56,California,4.7,345012,33.8352932
Santa Ana,57,California,-1.2,334227,33.7455731
St. Louis,58,Missouri,-8.2,318416,38.6270025
Riverside,59,California,22.5,316619,33.9533487
Corpus Christi,60,Texas,14.1,316381,27.8005828
Lexington-Fayette,61,Kentucky,18,308428,38.0405837
Pittsburgh,62,Pennsylvania,-8.3,305841,40.4406248
Anchorage,63,Alaska,15.4,300950,61.2180556
Stockton,64,California,21.8,298118,37.9577016
Cincinnati,65,Ohio,-10.1,297517,39.1031182
St. Paul,66,Minnesota,2.8,294873,44.9537029
Toledo,67,Ohio,-10,282313,41.6639383
Greensboro,68,North Carolina,22.3,279639,36.0726354
Newark,69,New Jersey,2.1,278427,40.735657
Plano,70,Texas,22.4,274409,33.0198431
Henderson,71,Nevada,51,270811,36.0395247
Lincoln,72,Nebraska,18,268738,40.8257625
Buffalo,73,New York,-11.3,258959,42.8864468
Jersey City,74,New Jersey,7.2,257342,40.7281575
Chula Vista,75,California,46.2,256780,32.6400541
Fort Wayne,76,Indiana,1,256496,41.079273
Orlando,77,Florida,31.2,255483,28.5383355
St. Petersburg,78,Florida,0.3,249688,27.773056
Chandler,79,Arizona,38.7,249146,33.3061605
Laredo,80,Texas,38.2,248142,27.5305671
Norfolk,81,Virginia,5,246139,36.8507689
Durham,82,North Carolina,29.9,245475,35.9940329
Madison,83,Wisconsin,15.8,243344,43.0730517
Lubbock,84,Texas,19.6,239538,33.5778631
Irvine,85,California,61.3,236716,33.6839473
Winston-Salem,86,North Carolina,16.9,236441,36.0998596
Glendale,87,Arizona,5.7,234632,33.5386523
Garland,88,Texas,8.5,234566,32.912624
Hialeah,89,Florida,3.2,233394,25.8575963
Reno,90,Nevada,26.8,233294,39.5296329
Chesapeake,91,Virginia,15.1,230571,36.7682088
Gilbert,92,Arizona,96,229972,33.3528264
Baton Rouge,93,Louisiana,0.4,229426,30.4582829
Irving,94,Texas,19.1,228653,32.8140177
Scottsdale,95,Arizona,11,226918,33.4941704
North Las Vegas,96,Nevada,92.2,226877,36.1988592
Fremont,97,California,10,224922,37.5482697
Boise City,98,Idaho,9.5,214237,43.6187102
Richmond,99,Virginia,8.2,214114,37.5407246
San Bernardino,100,California,13,213708,34.1083449
Birmingham,101,Alabama,-12.3,212113,33.5206608
Spokane,102,Washington,7,210721,47.6587802
Rochester,103,New York,-4.1,210358,43.16103
Des Moines,104,Iowa,3.9,207510,41.6005448
Modesto,105,California,7.7,204933,37.6390972
Fayetteville,106,North Carolina,2.4,204408,35.0526641
Tacoma,107,Washington,4.9,203446,47.2528768
Oxnard,108,California,18.2,203007,34.1975048
Fontana,109,California,38.3,203003,34.0922335
Columbus,110,Georgia,8.7,202824,32.4609764
Montgomery,111,Alabama,-0.1,201332,32.3668052
Moreno Valley,112,California,40.4,201175,33.9424658
Shreveport,113,Louisiana,-0.1,200327,32.5251516
Aurora,114,Illinois,38.4,199963,41.7605849
Yonkers,115,New York,1.8,199766,40.9312099
Akron,116,Ohio,-8.6,198100,41.0814447
Huntington Beach,117,California,3.9,197575,33.660297
Little Rock,118,Arkansas,7.6,197357,34.7464809
Augusta-Richmond County,119,Georgia,1.1,197350,33.4734978
Amarillo,120,Texas,12.8,196429,35.2219971
Glendale,121,California,0.3,196021,34.1425078
Mobile,122,Alabama,-1.9,194899,30.6953657
Grand Rapids,123,Michigan,-2.8,192294,42.9633599
Salt Lake City,124,Utah,5.1,191180,40.7607793
Tallahassee,125,Florida,21.8,186411,30.4382559
Huntsville,126,Alabama,16.3,186254,34.7303688
Grand Prairie,127,Texas,43.1,183372,32.7459645
Knoxville,128,Tennessee,3.9,183270,35.9606384
Worcester,129,Massachusetts,5.8,182544,42.2625932
Newport News,130,Virginia,0.9,182020,37.0870821
Brownsville,131,Texas,26.8,181860,25.9017472
Overland Park,132,Kansas,19.4,181260,38.9822282
Santa Clarita,133,California,15.3,179590,34.3916641
Providence,134,Rhode Island,2.3,177994,41.8239891
Garden Grove,135,California,5.8,175140,33.7739053
Chattanooga,136,Tennessee,10.5,173366,35.0456297
Oceanside,137,California,6.6,172794,33.1958696
Jackson,138,Mississippi,-6.8,172638,32.2987573
Fort Lauderdale,139,Florida,0.7,172389,26.1224386
Santa Rosa,140,California,15.2,171990,38.440429
Rancho Cucamonga,141,California,32.7,171386,34.1063989
Port St. Lucie,142,Florida,91.7,171016,27.2730492
Tempe,143,Arizona,5.8,168228,33.4255104
Ontario,144,California,5.5,167500,34.0633443
Vancouver,145,Washington,14.2,167405,45.6387281
Cape Coral,146,Florida,60.4,165831,26.5628537
Sioux Falls,147,South Dakota,31.1,164676,43.5445959
Springfield,148,Missouri,7.8,164122,37.2089572
Peoria,149,Arizona,46.5,162592,33.5805955
Pembroke Pines,150,Florida,17.4,162329,26.007765
Elk Grove,151,California,97.1,161007,38.4087993
Salem,152,Oregon,16.4,160614,44.9428975
Lancaster,153,California,33.8,159523,34.6867846
Corona,154,California,23.6,159503,33.8752935
Eugene,155,Oregon,14.4,159190,44.0520691
Palmdale,156,California,33.7,157161,34.5794343
Salinas,157,California,8.4,155662,36.6777372
Springfield,158,Massachusetts,1.1,153703,42.1014831
Pasadena,159,Texas,7.5,152735,29.6910625
Fort Collins,160,Colorado,26.6,152061,40.5852602
Hayward,161,California,7.5,151574,37.6688205
Pomona,162,California,2.1,151348,34.055103
Cary,163,North Carolina,55.1,151088,35.79154
Rockford,164,Illinois,-1,150251,42.2711311
Alexandria,165,Virginia,15,148892,38.8048355
Escondido,166,California,10.7,148738,33.1192068
McKinney,167,Texas,165.3,148559,33.1972465
Kansas City,168,Kansas,1.1,148483,39.114053
Joliet,169,Illinois,36.5,147806,41.525031
Sunnyvale,170,California,11.9,147559,37.36883
Torrance,171,California,6.6,147478,33.8358492
Bridgeport,172,Connecticut,5.4,147216,41.1865478
Lakewood,173,Colorado,1.9,147214,39.7047095
Hollywood,174,Florida,4.8,146526,26.0112014
Paterson,175,New Jersey,-2.2,145948,40.9167654
Naperville,176,Illinois,12,144864,41.7508391
Syracuse,177,New York,-0.9,144669,43.0481221
Mesquite,178,Texas,14.7,143484,32.7667955
Dayton,179,Ohio,-13.5,143355,39.7589478
Savannah,180,Georgia,7.5,142772,32.0835407
Clarksville,181,Tennessee,36.9,142357,36.5297706
Orange,182,California,7.7,139969,33.7877944
Pasadena,183,California,3.8,139731,34.1477849
Fullerton,184,California,9.8,138981,33.8703596
Killeen,185,Texas,52.1,137147,31.1171194
Frisco,186,Texas,287.7,136791,33.1506744
Hampton,187,Virginia,-6.6,136699,37.0298687
McAllen,188,Texas,27.6,136639,26.2034071
Warren,189,Michigan,-2.3,134873,42.5144566
Bellevue,190,Washington,19.1,133992,47.610377
West Valley City,191,Utah,22.2,133579,40.6916132
Columbia,192,South Carolina,11.7,133358,34.0007104
Olathe,193,Kansas,40.4,131885,38.8813958
Sterling Heights,194,Michigan,5.2,131224,42.5803122
New Haven,195,Connecticut,5.5,130660,41.308274
Miramar,196,Florida,74.7,130288,25.9860762
Waco,197,Texas,12.5,129030,31.549333
Thousand Oaks,198,California,9.5,128731,34.1705609
Cedar Rapids,199,Iowa,5.4,128429,41.9778795
Charleston,200,South Carolina,29.2,127999,32.7764749
Visalia,201,California,33.6,127763,36.3302284
Topeka,202,Kansas,3.4,127679,39.0558235
Elizabeth,203,New Jersey,5.5,127558,40.6639916
Gainesville,204,Florida,12.8,127488,29.6516344
Thornton,205,Colorado,52.9,127359,39.8680412
Roseville,206,California,56.2,127035,38.7521235
Carrollton,207,Texas,14.9,126700,32.9756415
Coral Springs,208,Florida,5.7,126604,26.271192
Stamford,209,Connecticut,7.6,126456,41.0534302
Simi Valley,210,California,12.6,126181,34.2694474
Concord,211,California,2.9,125880,37.9779776
Hartford,212,Connecticut,0.6,125017,41.7637111
Kent,213,Washington,54.3,124435,47.3809335
Lafayette,214,Louisiana,11,124276,30.2240897
Midland,215,Texas,30.4,123933,31.9973456
Surprise,216,Arizona,281.9,123546,33.6292337
Denton,217,Texas,47.1,123099,33.2148412
Victorville,218,California,87.6,121096,34.5362184
Evansville,219,Indiana,-0.8,120310,37.9715592
Santa Clara,220,California,17.4,120245,37.3541079
Abilene,221,Texas,3.6,120099,32.4487364
Athens-Clarke County,222,Georgia,19,119980,33.9519347
Vallejo,223,California,1.2,118837,38.1040864
Allentown,224,Pennsylvania,11.2,118577,40.6084305
Norman,225,Oklahoma,22,118197,35.2225668
Beaumont,226,Texas,3.7,117796,30.080174
Independence,227,Missouri,3.2,117240,39.0911161
Murfreesboro,228,Tennessee,65.1,117044,35.8456213
Ann Arbor,229,Michigan,2,117025,42.2808256
Springfield,230,Illinois,4.2,117006,39.7817213
Berkeley,231,California,13.3,116768,37.8715926
Peoria,232,Illinois,3,116513,40.6936488
Provo,233,Utah,10,116288,40.2338438
El Monte,234,California,-0.4,115708,34.0686206
Columbia,235,Missouri,34,115276,38.9517053
Lansing,236,Michigan,-4.4,113972,42.732535
Fargo,237,North Dakota,24.9,113658,46.8771863
Downey,238,California,5.3,113242,33.9401088
Costa Mesa,239,California,2.4,112174,33.6411316
Wilmington,240,North Carolina,24.8,112067,34.2257255
Arvada,241,Colorado,9.2,111707,39.8027644
Inglewood,242,California,-1,111542,33.9616801
Miami Gardens,243,Florida,10.5,111378,25.9420377
Carlsbad,244,California,39.7,110972,33.1580933
Westminster,245,Colorado,9.4,110945,39.8366528
Rochester,246,Minnesota,23.9,110742,44.0121221
Odessa,247,Texas,22.3,110720,31.8456816
Manchester,248,New Hampshire,2.9,110378,42.9956397
Elgin,249,Illinois,16,110145,42.0354084
West Jordan,250,Utah,38.4,110077,40.6096698
Round Rock,251,Texas,81,109821,30.5082551
Clearwater,252,Florida,0.1,109703,27.9658533
Waterbury,253,Connecticut,2.2,109676,41.5581525
Gresham,254,Oregon,20.7,109397,45.5001357
Fairfield,255,California,12.8,109320,38.2493581
Billings,256,Montana,18.6,109059,45.7832856
Lowell,257,Massachusetts,3.4,108861,42.6334247
San Buenaventura (Ventura),258,California,7.4,108817,34.274646
Pueblo,259,Colorado,5.9,108249,38.2544472
High Point,260,North Carolina,24.3,107741,35.9556923
West Covina,261,California,2.3,107740,34.0686208
Richmond,262,California,7.9,107571,37.9357576
Murrieta,263,California,107.4,107479,33.5539143
Cambridge,264,Massachusetts,5.5,107289,42.3736158
Antioch,265,California,16.9,107100,38.0049214
Temecula,266,California,55.4,106780,33.4936391
Norwalk,267,California,1.9,106589,33.9022367
Centennial,268,Colorado,3.5,106114,39.5807452
Everett,269,Washington,9.4,105370,47.9789848
Palm Bay,270,Florida,31.7,104898,28.0344621
Wichita Falls,271,Texas,0.7,104898,33.9137085
Green Bay,272,Wisconsin,1.9,104779,44.519159
Daly City,273,California,1,104739,37.6879241
Burbank,274,California,4.2,104709,34.1808392
Richardson,275,Texas,13.2,104475,32.9483335
Pompano Beach,276,Florida,4,104410,26.2378597
North Charleston,277,South Carolina,27.4,104054,32.8546197
Broken Arrow,278,Oklahoma,28.2,103500,36.060949
Boulder,279,Colorado,9,103166,40.0149856
West Palm Beach,280,Florida,23.5,102436,26.7153424
Santa Maria,281,California,30.9,102216,34.9530337
El Cajon,282,California,7.4,102211,32.7947731
Davenport,283,Iowa,3.9,102157,41.5236437
Rialto,284,California,9.8,101910,34.1064001
Las Cruces,285,New Mexico,37.6,101324,32.3199396
San Mateo,286,California,9,101128,37.5629917
Lewisville,287,Texas,28.9,101074,33.046233
South Bend,288,Indiana,-6.8,100886,41.6763545
Lakeland,289,Florida,18.3,100710,28.0394654
Erie,290,Pennsylvania,-2.8,100671,42.1292241
Tyler,291,Texas,18.6,100223,32.3512601
Pearland,292,Texas,117.2,100065,29.5635666
College Station,293,Texas,45.2,100050,30.627977
Kenosha,294,Wisconsin,9.5,99889,42.5847425
Sandy Springs,295,Georgia,17.4,99770,33.9304352
Clovis,296,California,42.6,99769,36.8252277
Flint,297,Michigan,-20,99763,43.0125274
Roanoke,298,Virginia,3.8,98465,37.2709704
Albany,299,New York,4.1,98424,42.6525793
Jurupa Valley,300,California,,98030,33.9971974
Compton,301,California,4.5,97877,33.8958492
San Angelo,302,Texas,10.2,97492,31.4637723
Hillsboro,303,Oregon,36.4,97368,45.5228939
Lawton,304,Oklahoma,4.9,97151,34.6035669
Renton,305,Washington,88.4,97003,47.4828776
Vista,306,California,7.7,96929,33.2000368
Davie,307,Florida,17.7,96830,26.0764783
Greeley,308,Colorado,23.1,96539,40.4233142
Mission Viejo,309,California,2.9,96346,33.6000232
Portsmouth,310,Virginia,-4.2,96205,36.8354258
Dearborn,311,Michigan,-2,95884,42.3222599
South Gate,312,California,-0.8,95677,33.954737
Tuscaloosa,313,Alabama,21.1,95334,33.2098407
Livonia,314,Michigan,-5.4,95208,42.36837
New Bedford,315,Massachusetts,1.2,95078,41.6362152
Vacaville,316,California,5.4,94275,38.3565773
Brockton,317,Massachusetts,-0.3,94089,42.0834335
Roswell,318,Georgia,15.2,94034,34.0232431
Beaverton,319,Oregon,17,93542,45.487062
Quincy,320,Massachusetts,5.8,93494,42.2528772
Sparks,321,Nevada,39.4,93282,39.5349112
Yakima,322,Washington,11.7,93257,46.6020711
Lee's Summit,323,Missouri,31.2,93184,38.9108408
Federal Way,324,Washington,8.8,92734,47.3223221
Carson,325,California,2.9,92599,33.8316745
Santa Monica,326,California,9.6,92472,34.0194543
Hesperia,327,California,46.1,92147,34.4263886
Allen,328,Texas,104,92020,33.1031744
Rio Rancho,329,New Mexico,74.4,91956,35.2327544
Yuma,330,Arizona,16.2,91923,32.6926512
Westminster,331,California,3.9,91739,33.7513419
Orem,332,Utah,8.5,91648,40.2968979
Lynn,333,Massachusetts,2.6,91589,42.466763
Redding,334,California,11.9,91119,40.5865396
Spokane Valley,335,Washington,12.6,91113,47.6732281
Miami Beach,336,Florida,3.3,91026,25.790654
League City,337,Texas,98.3,90983,29.5074538
Lawrence,338,Kansas,12.7,90811,38.9716689
Santa Barbara,339,California,0.9,90412,34.4208305
Plantation,340,Florida,8.6,90268,26.1275862
Sandy,341,Utah,1.3,90231,40.5649781
Sunrise,342,Florida,4.6,90116,26.1669711
Macon,343,Georgia,-7.3,89981,32.8406946
Longmont,344,Colorado,24.4,89919,40.1672068
Boca Raton,345,Florida,7.5,89407,26.3683064
San Marcos,346,California,60,89387,33.1433723
Greenville,347,North Carolina,41.9,89130,35.612661
Waukegan,348,Illinois,0.5,88826,42.3636331
Fall River,349,Massachusetts,-3.7,88697,41.7014912
Chico,350,California,14.2,88077,39.7284944
Newton,351,Massachusetts,4.9,87971,42.3370413
San Leandro,352,California,10.3,87965,37.7249296
Reading,353,Pennsylvania,8,87893,40.3356483
Norwalk,354,Connecticut,5.6,87776,41.117744
Fort Smith,355,Arkansas,8.6,87650,35.3859242
Newport Beach,356,California,10.4,87273,33.6189101
Asheville,357,North Carolina,19.6,87236,35.5950581
Nashua,358,New Hampshire,0.4,87137,42.7653662
Edmond,359,Oklahoma,26.9,87004,35.6528323
Whittier,360,California,3.3,86635,33.9791793
Nampa,361,Idaho,57.9,86518,43.5407172
Bloomington,362,Minnesota,1.3,86319,44.840798
Deltona,363,Florida,23.1,86290,28.9005446
Hawthorne,364,California,2.3,86199,33.9164032
Duluth,365,Minnesota,-0.1,86128,46.7866719
Carmel,366,Indiana,60.4,85927,39.978371
Suffolk,367,Virginia,33.5,85728,36.7282054
Clifton,368,New Jersey,7.9,85390,40.8584328
Citrus Heights,369,California,-0.1,85285,38.7071247
Livermore,370,California,15.1,85156,37.6818745
Tracy,371,California,45.9,84691,37.7396513
Alhambra,372,California,-0.7,84577,34.095287
Kirkland,373,Washington,87.5,84430,47.6814875
Trenton,374,New Jersey,-1.2,84349,40.2170534
Ogden,375,Utah,8.6,84249,41.223
Hoover,376,Alabama,32.7,84126,33.4053867
Cicero,377,Illinois,-1.6,84103,41.8455877
Fishers,378,Indiana,114.8,83891,39.9567548
Sugar Land,379,Texas,29.1,83860,29.6196787
Danbury,380,Connecticut,11.4,83684,41.394817
Meridian,381,Idaho,127.6,83596,43.6121087
Indio,382,California,66,83539,33.7205771
Concord,383,North Carolina,47.4,83506,35.4087517
Menifee,384,California,95,83447,33.6971468
Champaign,385,Illinois,18.3,83424,40.1164204
Buena Park,386,California,6.1,82882,33.8675143
Troy,387,Michigan,2.2,82821,42.6064095
O'Fallon,388,Missouri,62.6,82809,38.8106075
Johns Creek,389,Georgia,36.5,82788,34.0289259
Bellingham,390,Washington,21.8,82631,48.74908
Westland,391,Michigan,-4.7,82578,42.324204
Bloomington,392,Indiana,16.1,82575,39.165325
Sioux City,393,Iowa,-2.9,82459,42.4999942
Warwick,394,Rhode Island,-4.6,81971,41.7001009
Hemet,395,California,37.6,81750,33.7475203
Longview,396,Texas,11.6,81443,32.5007037
Farmington Hills,397,Michigan,-0.9,81295,42.4989936
Bend,398,Oregon,54.3,81236,44.0581728
Lakewood,399,California,2.1,81121,33.8536269
Merced,400,California,25.4,81102,37.3021632
Mission,401,Texas,74.5,81050,26.2159066
Chino,402,California,15.6,80988,34.0122346
Redwood City,403,California,7.1,80872,37.4852152
Edinburg,404,Texas,65.1,80836,26.3017374
Cranston,405,Rhode Island,1.4,80566,41.7798226
Parma,406,Ohio,-5.9,80429,41.4047742
New Rochelle,407,New York,9.9,79446,40.9114882
Lake Forest,408,California,4.2,79312,33.6469661
Napa,409,California,8.4,79068,38.2975381
Hammond,410,Indiana,-4.6,78967,41.5833688
Fayetteville,411,Arkansas,32.9,78960,36.0625795
Bloomington,412,Illinois,20.1,78902,40.4842027
Avondale,413,Arizona,111.5,78822,33.4355977
Somerville,414,Massachusetts,1.6,78804,42.3875968
Palm Coast,415,Florida,137.2,78740,29.5844524
Bryan,416,Texas,19.3,78709,30.6743643
Gary,417,Indiana,-23.4,78450,41.5933696
Largo,418,Florida,5.1,78409,27.9094665
Brooklyn Park,419,Minnesota,16,78373,45.0941315
Tustin,420,California,15.6,78327,33.7458511
Racine,421,Wisconsin,-4.4,78199,42.7261309
Deerfield Beach,422,Florida,4.8,78041,26.3184123
Lynchburg,423,Virginia,19.5,78014,37.4137536
Mountain View,424,California,10.1,77846,37.3860517
Medford,425,Oregon,17.1,77677,42.3265152
Lawrence,426,Massachusetts,7.5,77657,42.7070354
Bellflower,427,California,6.3,77593,33.8816818
Melbourne,428,Florida,5.9,77508,28.0836269
St. Joseph,429,Missouri,4.1,77147,39.7674578
Camden,430,New Jersey,-3.6,76903,39.9259463
St. George,431,Utah,53.1,76817,37.0965278
Kennewick,432,Washington,29.1,76762,46.2112458
Baldwin Park,433,California,0.8,76635,34.0852868
Chino Hills,434,California,13.6,76572,33.9898188
Alameda,435,California,5.4,76419,37.7652065
Albany,436,Georgia,-0.6,76185,31.5785074
Arlington Heights,437,Illinois,-0.6,75994,42.0883603
Scranton,438,Pennsylvania,0,75806,41.408969
Evanston,439,Illinois,1.9,75570,42.0450722
Kalamazoo,440,Michigan,-1.9,75548,42.2917069
Baytown,441,Texas,13.1,75418,29.7355047
Upland,442,California,9.5,75413,34.09751
Springdale,443,Arkansas,57.1,75229,36.1867442
Bethlehem,444,Pennsylvania,5.2,75018,40.6259316
Schaumburg,445,Illinois,-0.5,74907,42.0333607
Mount Pleasant,446,South Carolina,53.2,74885,32.8323225
Auburn,447,Washington,34.9,74860,47.3073228
Decatur,448,Illinois,-8.7,74710,39.8403147
San Ramon,449,California,65.8,74513,37.7799273
Pleasanton,450,California,15.2,74110,37.6624312
Wyoming,451,Michigan,6.5,74100,42.9133602
Lake Charles,452,Louisiana,3,74024,30.2265949
Plymouth,453,Minnesota,12,73987,45.0105194
Bolingbrook,454,Illinois,29.7,73936,41.6986416
Pharr,455,Texas,55.7,73790,26.1947962
Appleton,456,Wisconsin,4.5,73596,44.2619309
Gastonia,457,North Carolina,8.2,73209,35.262082
Folsom,458,California,38.6,73098,38.6779591
Southfield,459,Michigan,-6.7,73006,42.4733688
Rochester Hills,460,Michigan,5.7,72952,42.6583661
New Britain,461,Connecticut,1.9,72939,41.6612104
Goodyear,462,Arizona,271,72864,33.4353394
Canton,463,Ohio,-10.3,72535,40.7989473
Warner Robins,464,Georgia,45.7,72531,32.6130007
Union City,465,California,7.4,72528,37.5933918
Perris,466,California,98.7,72326,33.7825194
Manteca,467,California,42.7,71948,37.7974273
Iowa City,468,Iowa,13.8,71591,41.6611277
Jonesboro,469,Arkansas,28.3,71551,35.8422967
Wilmington,470,Delaware,-1.6,71525,39.7390721
Lynwood,471,California,2,71371,33.930293
Loveland,472,Colorado,37.4,71334,40.3977612
Pawtucket,473,Rhode Island,-2.5,71172,41.878711
Boynton Beach,474,Florida,17.3,71097,26.5317866
Waukesha,475,Wisconsin,8,71016,43.0116784
Gulfport,476,Mississippi,-0.6,71012,30.3674198
Apple Valley,477,California,29.9,70924,34.5008311
Passaic,478,New Jersey,4.3,70868,40.8567662
Rapid City,479,South Dakota,17.9,70812,44.0805434
Layton,480,Utah,20.2,70790,41.0602216
Lafayette,481,Indiana,14.5,70373,40.4167022
Turlock,482,California,23.5,70365,37.4946568
Muncie,483,Indiana,-0.7,70316,40.1933767
Temple,484,Texas,27.1,70190,31.0982344
Missouri City,485,Texas,31.1,70185,29.6185669
Redlands,486,California,9.4,69999,34.0555693
Santa Fe,487,New Mexico,10.5,69976,35.6869752
Lauderhill,488,Florida,4.2,69813,26.1403635
Milpitas,489,California,11,69783,37.4323341
Palatine,490,Illinois,4.5,69350,42.1103041
Missoula,491,Montana,19.7,69122,46.8787176
Rock Hill,492,South Carolina,36,69103,34.9248667
Jacksonville,493,North Carolina,5,69079,34.7540524
Franklin,494,Tennessee,48.5,68886,35.9250637
Flagstaff,495,Arizona,29.3,68667,35.1982836
Flower Mound,496,Texas,32.5,68609,33.0145673
Weston,497,Florida,34.5,68388,26.1003654
Waterloo,498,Iowa,-0.5,68366,42.492786
Union City,499,New Jersey,1.7,68247,40.6975898
Mount Vernon,500,New York,-0.2,68224,40.9125992
Fort Myers,501,Florida,31.2,68190,26.640628
Dothan,502,Alabama,16.6,68001,31.2232313
Rancho Cordova,503,California,26.4,67911,38.5890723
Redondo Beach,504,California,6.7,67815,33.8491816
Jackson,505,Tennessee,12.9,67685,35.6145169
Pasco,506,Washington,98.5,67599,46.2395793
St. Charles,507,Missouri,11.3,67569,38.7881062
Eau Claire,508,Wisconsin,8.7,67545,44.811349
North Richland Hills,509,Texas,20.2,67317,32.8342952
Bismarck,510,North Dakota,20.1,67034,46.8083268
Yorba Linda,511,California,13.4,67032,33.8886259
Kenner,512,Louisiana,-4.8,66975,29.9940924
Walnut Creek,513,California,3.5,66900,37.9100783
Frederick,514,Maryland,25.9,66893,39.4142688
Oshkosh,515,Wisconsin,5.3,66778,44.0247062
Pittsburg,516,California,16.6,66695,38.0279762
Palo Alto,517,California,13.7,66642,37.4418834
Bossier City,518,Louisiana,17.4,66333,32.5159852
Portland,519,Maine,3.2,66318,43.661471
St. Cloud,520,Minnesota,10.9,66297,45.5579451
Davis,521,California,11.9,66205,38.5449065
South San Francisco,522,California,9.1,66174,37.654656
Camarillo,523,California,14.9,66086,34.2163937
North Little Rock,524,Arkansas,9,66075,34.769536
Schenectady,525,New York,6.7,65902,42.8142432
Gaithersburg,526,Maryland,24.2,65690,39.1434406
Harlingen,527,Texas,11.6,65665,26.1906306
Woodbury,528,Minnesota,39.8,65656,44.9238552
Eagan,529,Minnesota,2.6,65453,44.8041322
Yuba City,530,California,27.9,65416,39.1404477
Maple Grove,531,Minnesota,27.3,65415,45.0724642
Youngstown,532,Ohio,-20.2,65184,41.0997803
Skokie,533,Illinois,2.8,65176,42.0324025
Kissimmee,534,Florida,32.6,65173,28.2919557
Johnson City,535,Tennessee,16.2,65123,36.3134397
Victoria,536,Texas,7.5,65098,28.8052674
San Clemente,537,California,28.6,65040,33.4269728
Bayonne,538,New Jersey,5.1,65028,40.6687141
Laguna Niguel,539,California,2.8,64652,33.5225261
East Orange,540,New Jersey,-7.4,64544,40.767323
Shawnee,541,Kansas,32.2,64323,39.0228485
Homestead,542,Florida,100.7,64079,25.4687224
Delray Beach,543,Florida,6.1,64072,26.4614625
Rockville,544,Maryland,34,64072,39.0839973
Janesville,545,Wisconsin,5.6,63820,42.6827885
Conway,546,Arkansas,46.1,63816,35.0886963
Pico Rivera,547,California,0.4,63771,33.9830688
Lorain,548,Ohio,-7.2,63710,41.452819
Montebello,549,California,2,63495,34.0165053
Lodi,550,California,10.1,63338,38.1341477
New Braunfels,551,Texas,64,63279,29.7030024
Marysville,552,Washington,115.7,63269,48.0517637
Tamarac,553,Florida,12.9,63155,26.2128609
Madera,554,California,44.4,63105,36.9613356
Conroe,555,Texas,61.9,63032,30.3118769
Santa Cruz,556,California,12.5,62864,36.9741171
Eden Prairie,557,Minnesota,13.3,62603,44.8546856
Cheyenne,558,Wyoming,16.9,62448,41.1399814
Daytona Beach,559,Florida,-2.3,62316,29.2108147
Alpharetta,560,Georgia,33.6,62298,34.0753762
Hamilton,561,Ohio,2.7,62258,39.3995008
Waltham,562,Massachusetts,5,62227,42.3764852
Coon Rapids,563,Minnesota,0.6,62103,45.1732394
Haverhill,564,Massachusetts,5,62088,42.7762015
Council Bluffs,565,Iowa,6.2,61969,41.2619444
Taylor,566,Michigan,-6.3,61817,42.240872
Utica,567,New York,2.2,61808,43.100903
Ames,568,Iowa,21.3,61792,42.034722
La Habra,569,California,3.6,61653,33.9319578
Encinitas,570,California,5.8,61588,33.0369867
Bowling Green,571,Kentucky,24.1,61488,36.9685219
Burnsville,572,Minnesota,1.9,61434,44.7677424
Greenville,573,South Carolina,8.2,61397,34.8526176
West Des Moines,574,Iowa,29.8,61255,41.5772115
Cedar Park,575,Texas,134.3,61238,30.505198
Tulare,576,California,33.3,61170,36.2077288
Monterey Park,577,California,1.5,61085,34.0625106
Vineland,578,New Jersey,9.3,61050,39.4863773
Terre Haute,579,Indiana,2.5,61025,39.4667034
North Miami,580,Florida,2,61007,25.8900949
Mansfield,581,Texas,114.2,60872,32.5631924
West Allis,582,Wisconsin,-0.6,60697,43.0166806
Bristol,583,Connecticut,0.4,60568,41.6717648
Taylorsville,584,Utah,2.9,60519,40.6677248
Malden,585,Massachusetts,7.4,60509,42.4250964
Meriden,586,Connecticut,3.7,60456,41.5381535
Blaine,587,Minnesota,32.8,60407,45.1607987
Wellington,588,Florida,55,60202,26.6617635
Cupertino,589,California,14.3,60189,37.3229978
Springfield,590,Oregon,12.4,60177,44.0462362
Rogers,591,Arkansas,50.6,60112,36.3320196
St. Clair Shores,592,Michigan,-4.6,60070,42.4974085
Gardena,593,California,3.4,59957,33.8883487
Pontiac,594,Michigan,-11.4,59887,42.6389216
National City,595,California,10.1,59834,32.6781085
Grand Junction,596,Colorado,30.9,59778,39.0638705
Rocklin,597,California,60.3,59738,38.7907339
Chapel Hill,598,North Carolina,24.1,59635,35.9131996
Casper,599,Wyoming,19.9,59628,42.866632
Broomfield,600,Colorado,50.3,59471,39.9205411
Petaluma,601,California,8.4,59440,38.232417
South Jordan,602,Utah,100.1,59366,40.5621704
Springfield,603,Ohio,-9.8,59357,39.9242266
Great Falls,604,Montana,3.9,59351,47.4941836
Lancaster,605,Pennsylvania,4.5,59325,40.0378755
North Port,606,Florida,154.6,59212,27.044224
Lakewood,607,Washington,1.1,59097,47.1717649
Marietta,608,Georgia,-3.8,59089,33.952602
San Rafael,609,California,5,58994,37.9735346
Royal Oak,610,Michigan,-1.7,58946,42.4894801
Des Plaines,611,Illinois,3.2,58918,42.0333623
Huntington Park,612,California,-4.1,58879,33.9816812
La Mesa,613,California,6.9,58642,32.7678287
Orland Park,614,Illinois,13.9,58590,41.6303103
Auburn,615,Alabama,26.4,58582,32.6098566
Lakeville,616,Minnesota,34.3,58562,44.6496868
Owensboro,617,Kentucky,7.7,58416,37.7719074
Moore,618,Oklahoma,41.5,58414,35.3395079
Jupiter,619,Florida,46.2,58298,26.9342246
Idaho Falls,620,Idaho,14,58292,43.4916514
Dubuque,621,Iowa,0.9,58253,42.5005583
Bartlett,622,Tennessee,31.7,58226,35.2045328
Rowlett,623,Texas,28.6,58043,32.9029017
Novi,624,Michigan,22,57960,42.48059
White Plains,625,New York,8.5,57866,41.0339862
Arcadia,626,California,8.3,57639,34.1397292
Redmond,627,Washington,26,57530,47.6739881
Lake Elsinore,628,California,96.5,57525,33.6680772
Ocala,629,Florida,20.8,57468,29.1871986
Tinley Park,630,Illinois,16.3,57282,41.5731442
Port Orange,631,Florida,22.8,57203,29.1383165
Medford,632,Massachusetts,2.7,57170,42.4184296
Oak Lawn,633,Illinois,3.3,57073,41.719978
Rocky Mount,634,North Carolina,-3.1,56954,35.9382103
Kokomo,635,Indiana,21.3,56895,40.486427
Coconut Creek,636,Florida,28.4,56792,26.2517482
Bowie,637,Maryland,8.6,56759,39.0067768
Berwyn,638,Illinois,5.1,56758,41.8505874
Midwest City,639,Oklahoma,4.5,56756,35.4495065
Fountain Valley,640,California,3,56707,33.7091847
Buckeye,641,Arizona,480.9,56683,33.3703197
Dearborn Heights,642,Michigan,-3,56620,42.3369816
Woodland,643,California,13.8,56590,38.6785157
Noblesville,644,Indiana,88.1,56540,40.0455917
Valdosta,645,Georgia,22.3,56481,30.8327022
Diamond Bar,646,California,0.1,56449,34.0286226
Manhattan,647,Kansas,22.8,56143,39.1836082
Santee,648,California,5.7,56105,32.8383828
Taunton,649,Massachusetts,0,56069,41.900101
Sanford,650,Florida,42.8,56002,28.8028612
Kettering,651,Ohio,-3.1,55870,39.6895036
New Brunswick,652,New Jersey,15.5,55831,40.4862157
Decatur,653,Alabama,3.1,55816,34.6059253
Chicopee,654,Massachusetts,1.7,55717,42.1487043
Anderson,655,Indiana,-6.6,55670,40.1053196
Margate,656,Florida,2.7,55456,26.2445263
Weymouth Town,657,Massachusetts,,55419,42.2180724
Hempstead,658,New York,4,55361,40.7062128
Corvallis,659,Oregon,11.8,55298,44.5645659
Eastvale,660,California,,55191,33.952463
Porterville,661,California,20.1,55174,36.06523
West Haven,662,Connecticut,5.1,55046,41.2705484
Brentwood,663,California,122.3,55000,37.931868
Paramount,664,California,-0.7,54980,33.8894598
Grand Forks,665,North Dakota,11.5,54932,47.9252568
Georgetown,666,Texas,91.9,54898,30.6332618
St. Peters,667,Missouri,6.5,54842,38.7874699
Shoreline,668,Washington,2.9,54790,47.7556531
Mount Prospect,669,Illinois,-2.5,54771,42.0664167
Hanford,670,California,30.3,54686,36.3274502
Normal,671,Illinois,19.7,54664,40.5142026
Rosemead,672,California,1.7,54561,34.0805651
Lehi,673,Utah,176.3,54382,40.3916172
Pocatello,674,Idaho,5.4,54350,42.8713032
Highland,675,California,21,54291,34.1283442
Novato,676,California,13.3,54194,38.1074198
Port Arthur,677,Texas,-6,54135,29.8849504
Carson City,678,Nevada,2.9,54080,39.1637984
San Marcos,679,Texas,48.5,54076,29.8832749
Hendersonville,680,Tennessee,31.7,54068,36.3047735
Elyria,681,Ohio,-3.7,53956,41.3683798
Revere,682,Massachusetts,13.4,53756,42.4084302
Pflugerville,683,Texas,123.4,53752,30.4393696
Greenwood,684,Indiana,46,53665,39.6136578
Bellevue,685,Nebraska,20.5,53663,41.1543623
Wheaton,686,Illinois,-3.4,53648,41.8661403
Smyrna,687,Georgia,20,53438,33.8839926
Sarasota,688,Florida,1.4,53326,27.3364347
Blue Springs,689,Missouri,9.9,53294,39.0169509
Colton,690,California,10.8,53243,34.0739016
Euless,691,Texas,15.1,53224,32.8370727
Castle Rock,692,Colorado,153.5,53063,39.3722121
Cathedral City,693,California,23.2,52977,33.7805388
Kingsport,694,Tennessee,16.7,52962,36.548434
Lake Havasu City,695,Arizona,24.6,52844,34.483901
Pensacola,696,Florida,-6,52703,30.421309
Hoboken,697,New Jersey,35.8,52575,40.7439905
Yucaipa,698,California,26.8,52536,34.033625
Watsonville,699,California,12.7,52477,36.910231
Richland,700,Washington,34.6,52413,46.2856907
Delano,701,California,31.8,52403,35.7688425
Hoffman Estates,702,Illinois,5.4,52398,42.0629915
Florissant,703,Missouri,-2.8,52363,38.789217
Placentia,704,California,11.8,52206,33.8722371
West New York,705,New Jersey,13.3,52122,40.7878788
Dublin,706,California,70,52105,37.7021521
Oak Park,707,Illinois,-0.8,52066,41.8850317
Peabody,708,Massachusetts,7.5,52044,42.5278731
Perth Amboy,709,New Jersey,9.7,51982,40.5067723
Battle Creek,710,Michigan,-2.8,51848,42.3211522
Bradenton,711,Florida,3.4,51763,27.4989278
Gilroy,712,California,23.9,51701,37.0057816
Milford,713,Connecticut,1.8,51644,41.2306979
Albany,714,Oregon,25.5,51583,44.6365107
Ankeny,715,Iowa,86.9,51567,41.7317884
La Crosse,716,Wisconsin,-0.8,51522,43.8013556
Burlington,717,North Carolina,12.1,51510,36.0956918
DeSoto,718,Texas,36,51483,32.5896998
Harrisonburg,719,Virginia,27.1,51395,38.4495688
Minnetonka,720,Minnesota,0.4,51368,44.9211836
Elkhart,721,Indiana,-2.5,51265,41.6819935
Lakewood,722,Ohio,-9.4,51143,41.4819932
Glendora,723,California,3.1,51074,34.1361187
Southaven,724,Mississippi,72.8,50997,34.9889818
Charleston,725,West Virginia,-4.7,50821,38.3498195
Joplin,726,Missouri,11.2,50789,37.0842271
Enid,727,Oklahoma,8.1,50725,36.3955891
Palm Beach Gardens,728,Florida,39.6,50699,26.8233946
Brookhaven,729,Georgia,,50603,33.8651033
Plainfield,730,New Jersey,5.7,50588,40.6337136
Grand Island,731,Nebraska,16,50550,40.9263957
Palm Desert,732,California,13.2,50508,33.7222445
Huntersville,733,North Carolina,92.9,50458,35.410694
Tigard,734,Oregon,17.8,50444,45.4312294
Lenexa,735,Kansas,24.6,50344,38.9536174
Saginaw,736,Michigan,-18.2,50303,43.4194699
Kentwood,737,Michigan,10.5,50233,42.8694731
Doral,738,Florida,137.6,50213,25.8195424
Apple Valley,739,Minnesota,9.2,50201,44.7319094
Grapevine,740,Texas,17.6,50195,32.9342919
Aliso Viejo,741,California,25.4,50175,33.5676842
Sammamish,742,Washington,44.1,50169,47.6162683
Casa Grande,743,Arizona,86,50111,32.8795022
Pinellas Park,744,Florida,5.9,49998,27.8428025
Troy,745,New York,1.5,49974,42.7284117
West Sacramento,746,California,55.6,49891,38.5804609
Burien,747,Washington,56.7,49858,47.4703767
Commerce City,748,Colorado,135.4,49799,39.8083196
Monroe,749,Louisiana,-6.1,49761,32.5093109
Cerritos,750,California,-3.6,49707,33.8583483
Downers Grove,751,Illinois,0,49670,41.8089191
Coral Gables,752,Florida,16.1,49631,25.72149
Wilson,753,North Carolina,10.1,49628,35.7212689
Niagara Falls,754,New York,-10.8,49468,43.0962143
Poway,755,California,2.4,49417,32.9628232
Edina,756,Minnesota,4.1,49376,44.8896866
Cuyahoga Falls,757,Ohio,-0.2,49267,41.1339449
Rancho Santa Margarita,758,California,4.6,49228,33.640855
Harrisburg,759,Pennsylvania,0.6,49188,40.2731911
Huntington,760,West Virginia,-5,49177,38.4192496
La Mirada,761,California,4.6,49133,33.9172357
Cypress,762,California,5.3,49087,33.8169599
Caldwell,763,Idaho,77.1,48957,43.6629384
Logan,764,Utah,14.5,48913,41.7369803
Galveston,765,Texas,-15.2,48733,29.3013479
Sheboygan,766,Wisconsin,-3.9,48725,43.7508284
Middletown,767,Ohio,-5.7,48630,39.5150576
Murray,768,Utah,6.6,48612,40.6668916
Roswell,769,New Mexico,7.5,48611,33.3942655
Parker,770,Colorado,96.4,48608,39.5186002
Bedford,771,Texas,2.9,48592,32.844017
East Lansing,772,Michigan,4.2,48554,42.7369792
Methuen,773,Massachusetts,10.3,48514,42.7262016
Covina,774,California,3.3,48508,34.0900091
Alexandria,775,Louisiana,4.1,48426,31.3112936
Olympia,776,Washington,12.1,48338,47.0378741
Euclid,777,Ohio,-8.4,48139,41.5931049
Mishawaka,778,Indiana,2,47989,41.6619927
Salina,779,Kansas,4.5,47846,38.8402805
Azusa,780,California,6.7,47842,34.1336186
Newark,781,Ohio,3.1,47777,40.0581205
Chesterfield,782,Missouri,1.9,47749,38.6631083
Leesburg,783,Virginia,66,47673,39.1156615
Dunwoody,784,Georgia,,47591,33.9462125
Hattiesburg,785,Mississippi,3.1,47556,31.3271189
Roseville,786,Michigan,-1,47555,42.4972583
Bonita Springs,787,Florida,43.8,47547,26.339806
Portage,788,Michigan,5.7,47523,42.2011538
St. Louis Park,789,Minnesota,7.3,47411,44.9597376
Collierville,790,Tennessee,43.4,47333,35.042036
Middletown,791,Connecticut,3.6,47333,41.5623209
Stillwater,792,Oklahoma,20.1,47186,36.1156071
East Providence,793,Rhode Island,-3.3,47149,41.8137116
Lawrence,794,Indiana,20.5,47135,39.8386516
Wauwatosa,795,Wisconsin,0,47134,43.0494572
Mentor,796,Ohio,-6.6,46979,41.6661573
Ceres,797,California,34,46714,37.5949316
Cedar Hill,798,Texas,42.4,46663,32.5884689
Mansfield,799,Ohio,-10.1,46454,40.75839
Binghamton,800,New York,-1.7,46444,42.0986867
Coeur d'Alene,801,Idaho,32.8,46402,47.6776832
San Luis Obispo,802,California,4.4,46377,35.2827524
Minot,803,North Dakota,26.6,46321,48.2329668
Palm Springs,804,California,7.7,46281,33.8302961
Pine Bluff,805,Arkansas,-16.2,46094,34.2284312
Texas City,806,Texas,10.3,46081,29.383845
Summerville,807,South Carolina,62.9,46074,33.0185039
Twin Falls,808,Idaho,31.5,45981,42.5629668
Jeffersonville,809,Indiana,53.3,45929,38.2775702
San Jacinto,810,California,91.8,45851,33.7839084
Madison,811,Alabama,53.7,45799,34.6992579
Altoona,812,Pennsylvania,-7.3,45796,40.5186809
Columbus,813,Indiana,16.4,45775,39.2014404
Beavercreek,814,Ohio,19,45712,39.7092262
Apopka,815,Florida,63.9,45587,28.6934076
Elmhurst,816,Illinois,5.7,45556,41.8994744
Maricopa,817,Arizona,2503.4,45508,33.0581063
Farmington,818,New Mexico,18.1,45426,36.7280583
Glenview,819,Illinois,5.2,45417,42.0697509
Cleveland Heights,820,Ohio,-10.3,45394,41.5200518
Draper,821,Utah,77.4,45285,40.5246711
Lincoln,822,California,285.2,45237,38.891565
Sierra Vista,823,Arizona,19.3,45129,31.5455001
Lacey,824,Washington,41.7,44919,47.0342629
Biloxi,825,Mississippi,-11.5,44820,30.3960318
Strongsville,826,Ohio,1.9,44730,41.3144966
Barnstable Town,827,Massachusetts,-7.1,44641,41.7003208
Wylie,828,Texas,185.2,44575,33.0151201
Sayreville,829,New Jersey,9.6,44412,40.4594021
Kannapolis,830,North Carolina,18.6,44359,35.4873613
Charlottesville,831,Virginia,10.5,44349,38.0293059
Littleton,832,Colorado,9.4,44275,39.613321
Titusville,833,Florida,7.8,44206,28.6122187
Hackensack,834,New Jersey,2.9,44113,40.8859325
Newark,835,California,3.3,44096,37.5296593
Pittsfield,836,Massachusetts,-3.6,44057,42.4500845
York,837,Pennsylvania,6.4,43935,39.9625984
Lombard,838,Illinois,2.9,43907,41.8800296
Attleboro,839,Massachusetts,4.6,43886,41.9445441
DeKalb,840,Illinois,11.8,43849,41.9294736
Blacksburg,841,Virginia,9.4,43609,37.2295733
Dublin,842,Ohio,37.6,43607,40.0992294
Haltom City,843,Texas,11.4,43580,32.7995738
Lompoc,844,California,5.5,43509,34.6391501
El Centro,845,California,13.7,43363,32.792
Danville,846,California,3.7,43341,37.8215929
Jefferson City,847,Missouri,6.7,43330,38.5767017
Cutler Bay,848,Florida,42.9,43328,25.5808323
Oakland Park,849,Florida,2.7,43286,26.1723065
North Miami Beach,850,Florida,3.6,43250,25.9331488
Freeport,851,New York,-1.4,43167,40.6576022
Moline,852,Illinois,-1.9,43116,41.5067003
Coachella,853,California,88.4,43092,33.6803003
Fort Pierce,854,Florida,6.9,43074,27.4467056
Smyrna,855,Tennessee,54.9,43060,35.9828412
Bountiful,856,Utah,3.9,43023,40.8893895
Fond du Lac,857,Wisconsin,1.7,42970,43.7730448
Everett,858,Massachusetts,12.1,42935,42.40843
Danville,859,Virginia,-11,42907,36.5859718
Keller,860,Texas,53.3,42907,32.9341893
Belleville,861,Illinois,1.2,42895,38.5200504
Bell Gardens,862,California,-2.7,42889,33.9652918
Cleveland,863,Tennessee,14.1,42774,35.1595182
North Lauderdale,864,Florida,10.8,42757,26.217305
Fairfield,865,Ohio,1.2,42635,39.3454673
Salem,866,Massachusetts,5.1,42544,42.51954
Rancho Palos Verdes,867,California,2.9,42448,33.7444613
San Bruno,868,California,5.6,42443,37.6304904
Concord,869,New Hampshire,4.1,42419,43.2081366
Burlington,870,Vermont,6.1,42284,44.4758825
Apex,871,North Carolina,98.8,42214,35.732652
Midland,872,Michigan,0.9,42181,43.6155825
Altamonte Springs,873,Florida,2,42150,28.6611089
Hutchinson,874,Kansas,0.1,41889,38.0608445
Buffalo Grove,875,Illinois,-3.4,41778,42.1662831
Urbandale,876,Iowa,41.5,41776,41.6266555
State College,877,Pennsylvania,8.7,41757,40.7933949
Urbana,878,Illinois,10.3,41752,40.1105875
Plainfield,879,Illinois,203.6,41734,41.632223
Manassas,880,Virginia,19.5,41705,38.7509488
Bartlett,881,Illinois,13.1,41679,41.9950276
Kearny,882,New Jersey,2.8,41664,40.7684342
Oro Valley,883,Arizona,27,41627,32.3909071
Findlay,884,Ohio,5.8,41512,41.04422
Rohnert Park,885,California,0,41398,38.3396367
Linden,886,New Jersey,4.7,41301,40.6220478
Westfield,887,Massachusetts,3,41301,42.1250929
Sumter,888,South Carolina,1.3,41190,33.9204354
Wilkes-Barre,889,Pennsylvania,-4.3,41108,41.2459149
Woonsocket,890,Rhode Island,-5.2,41026,42.0028761
Leominster,891,Massachusetts,-1.1,41002,42.5250906
Shelton,892,Connecticut,7.3,40999,41.3164856
Brea,893,California,15.2,40963,33.9166805
Covington,894,Kentucky,-4.7,40956,39.0836712
Rockwall,895,Texas,117.2,40922,32.9312336
Meridian,896,Mississippi,-0.9,40921,32.3643098
Riverton,897,Utah,61.6,40921,40.521893
St. Cloud,898,Florida,86.2,40918,28.2489016
Quincy,899,Illinois,0.5,40915,39.9356016
Morgan Hill,900,California,19.5,40836,37.1305012
Warren,901,Ohio,-15.2,40768,41.2375569
Edmonds,902,Washington,2.9,40727,47.8106521
Burleson,903,Texas,85.3,40714,32.5420821
Beverly,904,Massachusetts,2,40664,42.5584283
Mankato,905,Minnesota,24.7,40641,44.1635775
Hagerstown,906,Maryland,10.4,40612,39.6417629
Prescott,907,Arizona,18.1,40590,34.5400242
Campbell,908,California,4.2,40584,37.2871651
Cedar Falls,909,Iowa,12,40566,42.5348993
Beaumont,910,California,254.5,40481,33.9294606
La Puente,911,California,-1.6,40435,34.0200114
Crystal Lake,912,Illinois,5.3,40388,42.2411344
Fitchburg,913,Massachusetts,3.5,40383,42.5834228
Carol Stream,914,Illinois,-0.2,40379,41.9125286
Hickory,915,North Carolina,7,40361,35.7344538
Streamwood,916,Illinois,10.1,40351,42.0255827
Norwich,917,Connecticut,11.6,40347,41.5242649
Coppell,918,Texas,10.3,40342,32.9545687
San Gabriel,919,California,0.9,40275,34.0961111
Holyoke,920,Massachusetts,0.9,40249,42.2042586
Bentonville,921,Arkansas,97.7,40167,36.3728538
Florence,922,Alabama,10.2,40059,34.79981
Peachtree Corners,923,Georgia,,40059,33.9698929
Brentwood,924,Tennessee,51.9,40021,36.0331164
Bozeman,925,Montana,41.9,39860,45.6769979
New Berlin,926,Wisconsin,3.6,39834,42.9764027
Goose Creek,927,South Carolina,26.1,39823,32.9810059
Huntsville,928,Texas,13.2,39795,30.7235263
Prescott Valley,929,Arizona,62.9,39791,34.6100243
Maplewood,930,Minnesota,12.3,39765,44.9530215
Romeoville,931,Illinois,79.5,39650,41.6475306
Duncanville,932,Texas,9.7,39605,32.6518004
Atlantic City,933,New Jersey,-2.2,39551,39.3642834
Clovis,934,New Mexico,21.3,39508,34.4047987
The Colony,935,Texas,45.7,39458,33.0806083
Culver City,936,California,1.3,39428,34.0211224
Marlborough,937,Massachusetts,7.6,39414,42.3459271
Hilton Head Island,938,South Carolina,16,39412,32.216316
Moorhead,939,Minnesota,21.3,39398,46.8737648
Calexico,940,California,44,39389,32.6789476
Bullhead City,941,Arizona,15.9,39383,35.1359386
Germantown,942,Tennessee,4.1,39375,35.0867577
La Quinta,943,California,59.9,39331,33.6633573
Lancaster,944,Ohio,10.7,39325,39.7136754
Wausau,945,Wisconsin,1.7,39309,44.9591352
Sherman,946,Texas,11.6,39296,33.6356618
Ocoee,947,Florida,57.9,39172,28.5691677
Shakopee,948,Minnesota,85.7,39167,44.7973962
Woburn,949,Massachusetts,4.4,39083,42.4792618
Bremerton,950,Washington,4.9,39056,47.5673202
Rock Island,951,Illinois,-1.9,38877,41.5094771
Muskogee,952,Oklahoma,-0.7,38863,35.7478769
Cape Girardeau,953,Missouri,9.4,38816,37.3058839
Annapolis,954,Maryland,7.6,38722,38.9784453
Greenacres,955,Florida,35.5,38696,26.6276276
Ormond Beach,956,Florida,5.8,38661,29.2858129
Hallandale Beach,957,Florida,12.4,38632,25.9812024
Stanton,958,California,2.8,38623,33.8025155
Puyallup,959,Washington,11.8,38609,47.1853785
Pacifica,960,California,0.5,38606,37.6138253
Hanover Park,961,Illinois,0.6,38510,41.9994722
Hurst,962,Texas,5.8,38448,32.8234621
Lima,963,Ohio,-8.1,38355,40.742551
Marana,964,Arizona,166.2,38290,32.436381
Carpentersville,965,Illinois,22.8,38241,42.1211364
Oakley,966,California,47.7,38194,37.9974219
Huber Heights,967,Ohio,-0.2,38142,39.843947
Lancaster,968,Texas,46.4,38071,32.5920798
Montclair,969,California,12.1,38027,34.0775104
Wheeling,970,Illinois,4.8,38015,42.1391927
Brookfield,971,Wisconsin,-1.9,37999,43.0605671
Park Ridge,972,Illinois,0.1,37839,42.0111412
Florence,973,South Carolina,19.8,37792,34.1954331
Roy,974,Utah,13.3,37733,41.1616108
Winter Garden,975,Florida,142.5,37711,28.5652787
Chelsea,976,Massachusetts,7.3,37670,42.3917638
Valley Stream,977,New York,3.6,37659,40.6642699
Spartanburg,978,South Carolina,-6.2,37647,34.9495672
Lake Oswego,979,Oregon,5.3,37610,45.4206749
Friendswood,980,Texas,28.6,37587,29.5293998
Westerville,981,Ohio,5.7,37530,40.1261743
Northglenn,982,Colorado,15.5,37499,39.8961821
Phenix City,983,Alabama,31.9,37498,32.4709761
Grove City,984,Ohio,35.6,37490,39.8814519
Texarkana,985,Texas,7.4,37442,33.425125
Addison,986,Illinois,2.6,37385,41.931696
Dover,987,Delaware,16,37366,39.158168
Lincoln Park,988,Michigan,-6.7,37313,42.2505943
Calumet City,989,Illinois,-4.5,37240,41.6155909
Muskegon,990,Michigan,-7.1,37213,43.2341813
Aventura,991,Florida,47.2,37199,25.9564812
Martinez,992,California,3.4,37165,38.0193657
Greenfield,993,Wisconsin,4.8,37159,42.9614039
Apache Junction,994,Arizona,15.7,37130,33.4150485
Monrovia,995,California,0.2,37101,34.1442616
Weslaco,996,Texas,28.8,37093,26.1595194
Keizer,997,Oregon,14.4,37064,44.9901194
Spanish Fork,998,Utah,78.1,36956,40.114955
Beloit,999,Wisconsin,2.9,36888,42.5083482
Panama City,1000,Florida,0.1,36877,30.1588129
